id,first_name,last_name,company
1,Michael,P.,google
2,Shawn,M.,google
3,Kathleen,P.,google
4,Jimmy,C.,google
5,Katherine,R.,google
6,Sarah,R.,google
7,Martin,M.,google
8,Frank,R.,google
9,Jennifer,F.,google
10,Henry,W.,google
11,Fred,S.,google
12,Amy,D.,google
13,Kathleen,M.,google
14,Steve,F.,google
15,Teresa,H.,google
16,Amanda,H.,google
17,Kimberly,R.,google
18,Johnny,K.,google
19,Virginia,F.,microsoft
20,Anna,A.,microsoft
21,Willie,H.,microsoft
22,Sean,H.,microsoft
23,Mildred,A.,microsoft
24,David,G.,microsoft
25,Victor,H.,microsoft
26,Aaron,R.,microsoft
27,Benjamin,B.,microsoft
28,Lisa,W.,microsoft
29,Benjamin,K.,microsoft
30,Christina,W.,microsoft
31,Jane,G.,microsoft
32,Thomas,O.,microsoft
33,Katherine,M.,microsoft
34,Jennifer,S.,microsoft
35,Sara,T.,microsoft
36,Harold,O.,microsoft
37,Shirley,J.,microsoft
38,Dennis,J.,microsoft
39,Louise,W.,microsoft
40,Maria,A.,microsoft
41,Gloria,C.,microsoft
42,Diana,S.,microsoft
43,Kelly,N.,microsoft
44,Jane,R.,microsoft
45,Scott,B.,microsoft
46,Norma,C.,microsoft
47,Marie,P.,microsoft
48,Lillian,C.,microsoft
49,Judy,N.,microsoft
50,Billy,L.,microsoft
51,Howard,R.,microsoft
52,Laura,F.,microsoft
53,Anne,B.,microsoft
54,Rose,M.,microsoft
55,Nicholas,R.,microsoft
56,Joshua,K.,microsoft
57,Paul,W.,flywheel
58,Kathryn,K.,flywheel
59,Adam,A.,flywheel
60,Norma,W.,flywheel
61,Timothy,R.,flywheel
62,Elizabeth,P.,flywheel
63,Edward,G.,flywheel
64,David,C.,flywheel
65,Brenda,W.,flywheel
66,Adam,W.,flywheel
67,Michael,H.,flywheel
68,Jesse,E.,flywheel
69,Janet,P.,flywheel
70,Helen,F.,flywheel
71,Gerald,C.,flywheel
72,Kathryn,O.,flywheel
73,Alan,B.,flywheel
74,Harry,A.,flywheel
75,Andrea,H.,flywheel
76,Barbara,W.,flywheel
77,Anne,W.,flywheel
78,Harry,H.,flywheel
79,Jack,R.,flywheel
80,Phillip,H.,flywheel
81,Shirley,H.,flywheel
82,Arthur,D.,flywheel
83,Virginia,R.,flywheel
84,Christina,R.,flywheel
85,Theresa,M.,flywheel
86,Jason,C.,flywheel
87,Phillip,B.,flywheel
88,Adam,T.,flywheel
89,Margaret,J.,flywheel
90,Paul,P.,flywheel
91,Todd,W.,flywheel
92,Willie,O.,flywheel
93,Frances,R.,flywheel
94,Gregory,H.,flywheel
95,Lisa,P.,flywheel
96,Jacqueline,A.,flywheel
97,Shirley,D.,flywheel
98,Nicole,M.,flywheel
99,Mary,G.,flywheel
100,Jean,M.,flywheel
